{"SGD": {"mean": [0.29833333333333334, 0.246, 0.2680952380952381, 0.25347619047619047, 0.1951904761904762, 0.2559047619047619, 0.16654761904761906, 0.18073809523809525, 0.20195238095238094, 0.1731666666666667, 0.16426190476190478, 0.1758095238095238, 0.21123809523809522, 0.17802380952380953, 0.1957619047619048, 0.1654761904761905, 0.20326190476190475, 0.17488095238095236, 0.18152380952380953, 0.15792857142857142, 0.16647619047619044, 0.14799999999999996, 0.1470952380952381, 0.15919047619047616, 0.1568095238095238, 0.1699761904761905, 0.17645238095238097, 0.1466904761904762, 0.16845238095238096, 0.1581190476190476, 0.16423809523809524, 0.17119047619047623, 0.1479285714285714, 0.13404761904761908, 0.14340476190476192, 0.2006904761904762, 0.15523809523809523, 0.17138095238095236, 0.1745, 0.14326190476190476, 0.15985714285714286, 0.13611904761904764, 0.13321428571428573, 0.14371428571428568, 0.13497619047619047, 0.1331904761904762, 0.12835714285714284, 0.15083333333333332, 0.13747619047619047, 0.1343333333333333, 0.15685714285714286, 0.16692857142857143, 0.14221428571428568, 0.16847619047619045, 0.16814285714285715, 0.15073809523809523, 0.15140476190476188, 0.1390476190476191, 0.1477857142857143, 0.1335952380952381, 0.13947619047619048, 0.15200000000000002, 0.15959523809523807, 0.19102380952380954, 0.15235714285714286, 0.14747619047619048, 0.14966666666666667, 0.1686190476190476, 0.18085714285714288, 0.14983333333333332, 0.15969047619047622, 0.1438809523809524, 0.14290476190476192, 0.14307142857142857, 0.13773809523809527, 0.14345238095238094, 0.1349285714285714, 0.14316666666666666, 0.14904761904761904, 0.1668095238095238, 0.12780952380952376, 0.15040476190476187, 0.14007142857142862, 0.13314285714285717, 0.14499999999999996, 0.16795238095238096, 0.15995238095238096, 0.13614285714285718, 0.1430238095238095, 0.14464285714285713, 0.13264285714285712, 0.16123809523809524, 0.1551190476190476, 0.14704761904761904, 0.16642857142857143, 0.14333333333333337, 0.13323809523809527, 0.14085714285714285, 0.135, 0.15857142857142853], "std": [0.028238095238095284, 0.017761904761904757, 0.008285714285714285, 0.00414285714285717, 0.006666666666666654, 0.006238095238095209, 0.010214285714285731, 0.00045238095238098186, 0.017714285714285738, 0.007023809523809543, 0.00011904761904762973, 0.01685714285714285, 0.007857142857142896, 0.02311904761904765, 0.013571428571428568, 0.022095238095238112, 0.04645238095238091, 0.006976190476190469, 0.002761904761904743, 0.020928571428571408, 0.012952380952380937, 0.008666666666666656, 0.0032857142857142807, 0.021285714285714297, 4.7619047619018584e-05, 0.014928571428571402, 0.021690476190476204, 0.0009285714285714453, 0.018404761904761868, 0.011642857142857177, 0.020857142857142852, 0.006000000000000005, 2.3809523809537048e-05, 0.002571428571428558, 0.0014523809523809827, 0.01664285714285718, 0.027571428571428525, 0.02342857142857141, 0.00821428571428573, 0.005880952380952376, 0.0025714285714286134, 0.006738095238095265, 0.00921428571428573, 0.0050000000000000044, 0.00011904761904757422, 4.7619047619074095e-05, 0.007023809523809543, 0.01483333333333331, 0.0036666666666666514, 0.0035714285714285587, 0.02047619047619048, 0.018261904761904812, 0.008071428571428563, 0.010428571428571454, 0.0028571428571428914, 0.002547619047619021, 0.010928571428571454, 0.007000000000000006, 0.0013571428571428346, 2.3809523809537048e-05, 0.014047619047619031, 0.029380952380952396, 0.023642857142857132, 0.03564285714285714, 0.008880952380952434, 0.006666666666666654, 0.011523809523809547, 0.02542857142857141, 0.007666666666666655, 0.0003571428571428892, 0.008309523809523822, 0.0036428571428571144, 0.01414285714285718, 0.0016904761904761867, 0.003500000000000003, 0.011452380952380936, 0.0039761904761904665, 0.009785714285714286, 0.0004761904761904634, 0.014476190476190476, 0.009285714285714286, 0.019309523809523832, 0.010785714285714287, 0.004714285714285726, 0.013095238095238104, 0.0205238095238095, 0.012666666666666715, 0.0004761904761904634, 0.001309523809523816, 0.0022619047619047428, 0.004119047619047633, 0.009904761904761916, 0.005976190476190468, 0.0025714285714286134, 0.024857142857142855, 0.010666666666666658, 0.009380952380952379, 0.008142857142857174, 0.00371428571428567, 0.018047619047619035]}, "Adam": {"mean": [0.33230952380952383, 0.2460952380952381, 0.25997619047619047, 0.23707142857142854, 0.1995, 0.23333333333333328, 0.17435714285714288, 0.2204761904761905, 0.19557142857142856, 0.19769047619047614, 0.1763095238095238, 0.19088095238095237, 0.22769047619047617, 0.20640476190476187, 0.18878571428571428, 0.17526190476190473, 0.16885714285714282, 0.1895, 0.16092857142857142, 0.17440476190476195, 0.14957142857142858, 0.16719047619047617, 0.13921428571428573, 0.1805, 0.18597619047619046, 0.14804761904761904, 0.14735714285714285, 0.1608809523809524, 0.15685714285714286, 0.16349999999999998, 0.15459523809523806, 0.16852380952380952, 0.1455238095238095, 0.1581190476190476, 0.15638095238095234, 0.18035714285714283, 0.15571428571428575, 0.14999999999999997, 0.1668809523809524, 0.16402380952380957, 0.16269047619047616, 0.15047619047619049, 0.1499285714285714, 0.15376190476190477, 0.1392857142857143, 0.1373571428571429, 0.14880952380952384, 0.15135714285714286, 0.15845238095238096, 0.14333333333333337, 0.16592857142857143, 0.16090476190476194, 0.16064285714285714, 0.16885714285714287, 0.18528571428571433, 0.15173809523809523, 0.15699999999999997, 0.15945238095238096, 0.15019047619047615, 0.15416666666666667, 0.14933333333333332, 0.14261904761904765, 0.1599761904761905, 0.15235714285714286, 0.1573809523809524, 0.16347619047619044, 0.12957142857142856, 0.15473809523809529, 0.18111904761904762, 0.1549761904761905, 0.16323809523809524, 0.13971428571428574, 0.14495238095238094, 0.15745238095238095, 0.13638095238095238, 0.14985714285714286, 0.1388333333333333, 0.15990476190476194, 0.17842857142857144, 0.15130952380952384, 0.13376190476190475, 0.1624523809523809, 0.14123809523809527, 0.14795238095238095, 0.15328571428571425, 0.15335714285714286, 0.16319047619047622, 0.14659523809523806, 0.13730952380952377, 0.13602380952380955, 0.13202380952380954, 0.16176190476190477, 0.13921428571428568, 0.14330952380952383, 0.1597857142857143, 0.13664285714285712, 0.1553095238095238, 0.13616666666666666, 0.13328571428571429, 0.15426190476190477],