{"SGD": {"mean": [0.29833333333333334, 0.27216666666666667, 0.27080952380952383, 0.2664761904761905, 0.2522190476190476, 0.25283333333333335, 0.24050680272108843, 0.2330357142857143, 0.22958201058201058, 0.2239404761904762, 0.2185151515151515, 0.2149563492063492, 0.21467032967032967, 0.21205272108843537, 0.2109666666666667, 0.20812351190476192, 0.2078375350140056, 0.20600661375661378, 0.20471804511278197, 0.2023785714285714, 0.2006689342403628, 0.19827489177489174, 0.19604968944099377, 0.19451388888888888, 0.19300571428571425, 0.19211996336996334, 0.1915396825396825, 0.18993792517006802, 0.18919704433497536, 0.1881611111111111, 0.18738940092165896, 0.1868831845238095, 0.18570274170274167, 0.18418347338935573, 0.18301836734693877, 0.18350925925925926, 0.1827451737451737, 0.18244611528822052, 0.1822423687423687, 0.18126785714285712, 0.18074564459930312, 0.1796831065759637, 0.17860243632336653, 0.1778095238095238, 0.17685767195767194, 0.1759083850931677, 0.1748966565349544, 0.17439533730158727, 0.17364188532555874, 0.17285571428571422, 0.17254201680672265, 0.1724340659340659, 0.17186388140161718, 0.17180114638447969, 0.17173463203463196, 0.17135969387755096, 0.17100960735171256, 0.17045853858784887, 0.1700742534301856, 0.1694662698412698, 0.16897462919594064, 0.1687008448540706, 0.16855631141345423, 0.16890736607142853, 0.1686527472527472, 0.1683318903318903, 0.16805330490405113, 0.1680616246498599, 0.16824706694271907, 0.16798401360544216, 0.16786720321931586, 0.1675340608465608, 0.16719667318982384, 0.16687065637065635, 0.1664822222222222, 0.16617919799498743, 0.1657733457019171, 0.16548351648351645, 0.16527546714888486, 0.16529464285714282, 0.16483186360964136, 0.16465592334494772, 0.16435972461273662, 0.1639880952380952, 0.16376470588235292, 0.16381339977851606, 0.16376902025177886, 0.16345508658008656, 0.1632255216693419, 0.16301904761904762, 0.16268524332810047, 0.16266951345755692, 0.1625883256528418, 0.16242299898682877, 0.16246516290726815, 0.162265873015873, 0.161966617574865, 0.16175121477162294, 0.1614810004810005, 0.16145190476190477], "std": [0.028238095238095284, 0.02300000000000002, 0.01809523809523811, 0.012535714285714261, 0.008695238095238075, 0.006206349206349188, 0.006778911564625831, 0.005874999999999964, 0.0032539682539682313, 0.0036309523809524014, 0.0032900432900433013, 0.004420634920634936, 0.004684981684981687, 0.0060017006802721, 0.006506349206349196, 0.007480654761904765, 0.004308123249299731, 0.003681216931216938, 0.0036328320802005015, 0.0024047619047618957, 0.0016734693877551027, 0.0012034632034632065, 0.0010082815734989842, 7.936507936510961e-05, 7.809523809526597e-05, 0.0004990842490842362, 0.0012839506172839243, 0.0012712585034013318, 0.0018620689655172162, 0.0014119047619047395, 0.0006935483870967457, 0.00048437499999998135, 0.00046897546897545217, 0.0003795518207282689, 0.0003272108843537097, 0.0007804232804232564, 1.4157014156995773e-05, 0.0006303258145363283, 0.0008247863247863169, 0.0009511904761904666, 0.0008652729384436564, 0.0006842403628117832, 0.0008826135105204774, 0.0007489177489177351, 0.0007349206349206161, 0.0007179089026914942, 0.0008520770010131684, 0.0011433531746031789, 0.0010451895043731702, 0.001095714285714297, 0.0014757236227824627, 0.0010961538461538717, 0.0009231805929919429, 0.0007129629629629847, 0.000648051948051967, 0.0006819727891156507, 0.0004782790309106333, 0.0005907224958949242, 0.0006037126715092989, 0.0005932539682539928, 0.00035323965651835876, 0.0008214285714285702, 0.0011836734693877748, 0.0017220982142857333, 0.0018322344322344447, 0.0019054834054834102, 0.0020490405117270932, 0.002392857142857155, 0.0024692891649413656, 0.0024289115646258796, 0.002277665995975897, 0.002195436507936549, 0.00235909980430532, 0.002304375804375841, 0.0022269841269841606, 0.0020469924812030332, 0.001968769325912209, 0.0020689865689866027, 0.00203676913803498, 0.002192261904761933, 0.002050558495002963, 0.0022610336817654036, 0.002363740676993714, 0.002279478458049905, 0.0024067226890756577, 0.0026173864894795257, 0.0024417077175698243, 0.002419372294372321, 0.00240690208667739, 0.002355026455026471, 0.002374411302982743, 0.002240942028985518, 0.002152585765489018, 0.0021023302938196764, 0.0018185463659148166, 0.0016884920634920864, 0.0015743740795287342, 0.0014752186588921357, 0.0014978354978355118, 0.0013023809523809715]}, "Adam": {"mean": [0.33230952380952383, 0.28920238095238093, 0.27946031746031746, 0.2688630952380952, 0.25499047619047616, 0.25138095238095237, 0.24037755102040814, 0.23788988095238095, 0.23318783068783067, 0.22963809523809525, 0.22479004329004332, 0.22196428571428573, 0.22240476190476194, 0.22126190476190477, 0.2190968253968254, 0.21635714285714286, 0.21356302521008402, 0.21222619047619046, 0.20952631578947367, 0.2077702380952381, 0.20499886621315191, 0.20328030303030303, 0.20049482401656316, 0.19966170634920635, 0.19911428571428572, 0.19715018315018315, 0.19530599647266314, 0.1940765306122449, 0.19279310344827585, 0.19181666666666666, 0.19061597542242703, 0.18992559523809524, 0.18858008658008657, 0.1876841736694678, 0.18678979591836736, 0.18661111111111112, 0.18577606177606176, 0.1848345864661654, 0.18437423687423687, 0.1838654761904762, 0.18334901277584204, 0.18256632653061225, 0.18180730897009967, 0.18116991341991343, 0.18023915343915342, 0.17930693581780538, 0.1786580547112462, 0.17808928571428573, 0.17768853255587952, 0.1770014285714286, 0.1767843137254902, 0.17647893772893775, 0.17618014375561547, 0.17604453262786598, 0.17621255411255413, 0.17577551020408166, 0.17544611528822057, 0.1751703612479475, 0.17474697336561745, 0.17440396825396826, 0.17399297423887589, 0.17348694316436253, 0.17327248677248677, 0.1729456845238095, 0.1727062271062271, 0.17256637806637803, 0.17192466240227433, 0.17167191876750698, 0.1718088336783989, 0.17156836734693875, 0.17145103957075786, 0.17101025132275133, 0.17065329419439007, 0.17047490347490346, 0.17002031746031745, 0.1697550125313283, 0.1693534322820037, 0.1692322954822955, 0.16934870403857744, 0.16912321428571428, 0.16868665490887713, 0.16861062717770037, 0.16828083763625934, 0.16803883219954652, 0.1678652661064426, 0.1676965669988926, 0.1676447728516694, 0.16740557359307362, 0.1670674157303371, 0.1667224867724868, 0.16634118262689696, 0.16629140786749486, 0.16600025601638507, 0.16575886524822697, 0.16569598997493734, 0.16539335317460319, 0.1652893961708395, 0.16499222546161324, 0.1646719576719577, 0.16456785714285715],