{"SGD": {"mean": [61297.52504893782, 47050.66768084859, 32279.987227574886, 23018.161746246158, 15118.018449956367, 13210.647908094395, 8704.973665608435, 5901.46143794188, 4532.879004992487, 3092.6561779266285, 2182.0846666299085, 1682.6599648320207, 1188.320341086895, 820.2943854207849, 582.1505793223757, 430.11154288681206, 302.6291243166297, 250.5226835571418, 177.087394843492, 120.89177293107724, 87.00134005238361, 64.2034214742748, 50.0493066695242, 36.40447394968756, 25.05635126043373, 19.02678667562696, 13.66112759331298, 9.784313974710452, 7.832292611090496, 5.478736274999266, 4.762618456027683, 4.040268644052025, 3.0166385920116854, 2.4439111810208503, 2.1600273847873313, 2.0398399935179814, 1.677688049875119, 1.4525654893516928, 1.3795755860563208, 1.4592434102275629, 1.3550069820286486, 1.3514440060422697, 1.3390689412143684, 1.2278388891210472, 1.1410312670509815, 1.3063324364399276, 1.2640976079640194, 1.2514295057721072, 1.1381963690760961], "std": [1908.1949453753732, 2064.213362455226, 1431.0659213151903, 1272.888464692409, 326.0602332311555, 1084.6911313832516, 590.7289964851393, 114.68942343578419, 179.46496069223667, 163.49032197370252, 50.67101276690846, 36.915696029254605, 92.50127532580404, 3.2039856880777506, 14.39601390149602, 15.191733935669163, 14.279556994202437, 15.398746829544422, 2.187218825556343, 11.037498026952072, 0.6091257828032042, 3.5914868578879187, 2.1959860775727513, 1.9643578110856232, 1.3993073347993548, 0.307762654992219, 0.5613329348183127, 0.5483465919330559, 0.7969414948224309, 0.3781576077359481, 0.2811626298113583, 0.05911312958947734, 0.06458630486498129, 0.110149403824364, 0.032669555640388426, 0.005352128234898279, 0.03551016076874214, 0.055850286629865575, 0.05526756062738969, 0.05345245436063484, 0.009677819402847954, 0.06371356643843962, 0.026772542401165, 0.04967487087520184, 0.019501170763950748, 0.009308662432884529, 0.10253073120230849, 0.0390491888205019, 0.004059365753256494]}, "AdaGrad": {"mean": [63968.48641334667, 52845.25997698425, 40730.44824993986, 31462.293918395706, 22696.45785348813, 21573.34974307686, 15773.281184026655, 13342.803865592752, 10854.836492497545, 8631.833058841636, 6786.192989341231, 6251.951990978751, 5115.049081164072, 4009.7503771781458, 3228.939858411188, 2959.078613952258, 2348.7989387044754, 2102.5824132558128, 1699.5681060389736, 1460.3678224207777, 1143.3327764161452, 936.9037286518358, 799.166641759175, 715.3248959370327, 584.1964012563443, 509.6715324903754, 389.65479780926063, 327.25360733764614, 291.11480667768694, 232.95480267900462, 204.14837540783464, 172.04196648513755, 143.5527209287084, 107.9936313201114, 94.873351872448, 86.89004965823082, 66.26203556286046, 60.43305309086108, 44.459835392017396, 41.81589029115116, 34.98569315787912, 26.676850891212208, 23.718179451744, 19.126664665656833, 16.30606239778417, 13.535502974360973, 11.983602371332292, 9.673956150813083, 8.323478068469123], "std": [339.087176380468, 382.99844807792033, 1902.9182159729316, 2607.0074791986845, 1819.2475604678202, 216.22863977526868, 708.5738998281186, 1320.3570788305815, 448.1286135241862, 237.5036958082992, 359.7361158654926, 441.7753477047563, 36.3922521303316, 136.96709233750153, 272.70081774734126, 240.45530213430789, 202.3401243864712, 296.8481603209035, 165.85725658600722, 95.08322725245193, 119.70076236039625, 65.22402415897119, 87.44056082797937, 50.811284296734016, 88.84388153744308, 57.4994735226808, 43.772941296202816, 43.763682828385015, 11.970766718887035, 26.45828561674068, 26.251361186379995, 7.201003959609807, 15.919649149071354, 17.328577328661098, 8.597327539701666, 10.676036090284903, 9.098407411293067, 7.996973911093878, 0.7085870372326007, 7.458776175990774, 5.203698601261541, 2.439485852533405, 3.1667385958163603, 1.575929102713106, 1.3294573963408176, 1.3604391289306106, 0.9728870083464347, 0.6328673760572991, 0.7346367197782868]}, "RMSprop": {"mean": [54280.29115723732, 34483.76058388117, 19666.500027888593, 10773.832177695149, 7958.234004094673, 5879.806867200055, 6623.349896325095, 5852.65518154125, 6293.097664374649, 5760.689596342263, 6182.923938252699, 6153.031904217578, 5842.862321813113, 5635.732104119419, 6518.3815893827505, 6511.256592412729, 6399.076420267705, 6138.60256884448, 6188.222696750949, 5873.647320784774, 6009.165610839912, 5880.533767486868, 6424.019761725478, 6118.350460275544, 5956.241432074414, 5735.134821833088, 5775.111456048115, 7079.233945919522, 6345.320791117754, 6711.1033873313445, 6066.4872490109265, 5340.8258151680075, 6364.530072411559, 6241.536577191082, 5742.5545551117375, 6129.207268026042, 5999.912022570597, 6107.601781013229, 6099.029549508483, 6264.068606159423, 6146.379375344267, 5856.283628572497, 6591.206855961899, 6307.541046644947, 6306.006693109777, 5969.083870770191, 5817.122260294682, 6405.13338577759, 5911.5626155812715], "std": [398.4632695429682, 1602.9300510516878, 330.56974203086247, 1061.3153414394192, 146.34193704715108, 80.80722697316514, 170.5444579629393, 39.0663138844302, 860.2777637934901, 187.16857828544744, 165.2718422296375, 429.35907622080686, 28.080730906379358, 63.81826791535559, 715.7024587130386, 339.6655186235894, 718.3480450338557, 20.865924937501404, 89.65005617168208, 465.5684968629166, 13.444551111690998, 300.7197455416658, 30.30970854242105, 3.76623224485229, 68.86750451818716, 247.51191457465757, 176.5926697204186, 201.60571951290422, 10.266826424655392, 88.48196591104261, 44.290147075879304, 165.1649955132816, 825.574023294475, 89.7385346277033, 380.51087856909226, 197.18217431264202, 484.40079826891133, 44.524629165536226, 236.2675776877727, 7.656275990651011, 16.89549263002118, 188.24330003013574, 288.78167691040926, 32.75679447022367, 60.44550005159044, 388.23127931942463, 282.1349956311292, 602.5768363158359, 297.5166338651911]}, "Adam": {"mean": [54838.069165757624, 35664.45906248593, 20468.48854792384, 10962.679579459671, 8146.717242789873, 5891.7056739226555, 6539.7499495609345, 5961.4836732754775, 6363.9375687995325, 6061.30533026945, 6211.2221641041215, 6197.242183886889, 6068.585358563614, 5438.81881668179, 6658.543181064226, 6601.092822929406, 6150.629512313821, 5866.769340614264, 6277.778707673039, 6389.254932663343, 5753.354076111693, 5696.480673734626, 6105.190575615992, 6388.069353037097, 5625.753994682926, 6110.887185282565, 5985.82311958838, 6486.7600518125, 5847.422438275156, 6311.469684275019, 5944.859427373029, 5395.098126016956, 5754.763407565235, 6154.831224850812, 6249.204499359564, 6191.264163195811, 5752.592814079306, 6026.674541809829, 5430.658137893244, 5819.840410529268, 5931.909079522604, 5866.102621707858, 6352.497762865485, 6398.528984492916, 5817.803263048072, 5820.365330578181, 6042.2744349372315, 6235.419735452964, 6355.790817347544], "std": [69.12049872212083, 551.5828201669974, 424.68146843378054, 1383.725004416232, 279.3455034865988, 106.49652174366884, 274.6642364115387, 65.84834380075517, 768.0858987433189, 38.07682238747202, 34.24841655416867, 318.2318973649144, 190.44302576463406, 145.7755500243611, 689.0633899104155, 293.65545353940297, 742.8573872294019, 73.72364206854809, 1.6309843438357348, 350.76592464533815, 40.248630422427595, 272.7828962199469, 278.4435395740916, 80.62828190001483, 420.59960522636584, 406.24893623223034, 239.52025620323138, 213.8033562292353, 164.2775427038764, 6.959549029524169, 43.302303511903574, 171.33642015095575, 145.06515877828997, 105.8495806196388, 146.6601825941707, 3.4775828600049863, 448.60433197488555, 54.850267865685964, 232.44224797962306, 281.59045518525136, 92.93623574972526, 356.8062654623204, 342.1783332827049, 504.12154483131417, 847.069541347033, 485.3616774509833, 1.434167223098484, 434.26446254847906, 295.781712848594]},