{"SGD": {"std": [83.20222112419836, 70.02142529254886, 62.844010056647384, 50.65816814690401, 51.12676011640088, 50.835027294179746, 45.672065860873886, 50.039348516942134, 45.93952981910025, 45.1943580549608, 40.29058947198465, 37.75900422415823, 46.45486411561226, 41.537452979209014, 46.045547015971046, 41.22196016688192, 40.67845129795382, 39.01589419710895, 42.04281627103494, 39.408329068865626, 41.87392506082992, 39.23582546602021, 43.04559907818683, 43.46911087197436, 39.45722240604374, 35.695764454624026, 36.850297149412505, 39.98977869406131, 41.412674388404334, 32.78273326005629, 36.93250600758091, 30.84327479370503, 30.657077486283654, 33.64019024916475, 35.761230403888504, 28.596950886414444, 35.01728144787942, 31.924216513487057, 33.44490394664035, 33.98411393577888, 37.22990196065523, 33.836690145461915, 32.818896995481126, 34.09846917385001, 29.685019791133715, 33.082297380925645, 36.12589652866764, 34.13915054596408, 30.797331053193552, 34.83503983060734, 41.033859189698475, 31.819641732741125, 35.891174402629964, 31.621511665320487, 35.353579733882675, 36.261031424933286, 33.00206660195692, 37.370769325771185, 28.120632994297974, 36.725881881855464, 37.18292618931436, 26.74014958821285, 32.85094214782887, 33.52133648886929, 31.89325320502753, 35.9033201807298, 38.42587149304489, 37.622275316625924, 40.91503879993273, 36.4377222120154, 34.47492422036632, 38.24709139267978, 46.54890331683444, 37.8980527204235, 39.38467214539179, 40.59133405050886, 36.693699731697826, 43.1513105247106, 38.15193310960796, 30.70977043222564, 34.564496235299, 33.4245418816773, 33.31539584036186, 34.29518916699542, 32.771017683312785, 28.254026261756035, 33.059727766574234, 35.88439772380191, 34.130344270165224, 33.74762806479886, 35.836205156238286, 31.750628340239185, 34.22916300466607, 40.099182036545315, 33.108965553154924, 37.70158617352856, 43.41511718284311, 35.027240827675826, 39.02758511617136, 32.13362102222531], "mean": [5213.48, 5357.2, 5412.52, 5446.5, 5475.88, 5485.4, 5494.68, 5494.06, 5498.86, 5502.9, 5506.22, 5503.24, 5509.16, 5502.2, 5512.74, 5509.3, 5505.94, 5512.4, 5509.04, 5513.94, 5507.88, 5505.9, 5506.42, 5503.42, 5498.26, 5498.18, 5505.66, 5508.76, 5504.52, 5496.82, 5501.5, 5495.82, 5490.06, 5487.76, 5489.88, 5482.88, 5485.5, 5477.38, 5475.28, 5478.0, 5475.88, 5471.28, 5472.0, 5469.12, 5467.86, 5460.04, 5462.86, 5463.72, 5462.62, 5466.0, 5461.68, 5459.52, 5459.94, 5452.6, 5458.38, 5459.76, 5453.94, 5453.84, 5457.1, 5456.36, 5454.3, 5449.62, 5448.34, 5450.6, 5450.98, 5453.46, 5439.82, 5449.38, 5447.86, 5447.18, 5444.14, 5442.4, 5437.14, 5440.24, 5440.26, 5441.06, 5437.18, 5447.62, 5441.9, 5445.5, 5438.34, 5429.8, 5440.62, 5438.6, 5438.98, 5446.7, 5436.12, 5436.7, 5430.14, 5423.76, 5427.08, 5435.24, 5430.38, 5433.66, 5428.42, 5431.48, 5429.74, 5426.82, 5431.74, 5433.48]}, "AdaGrad": {"std": [89.41618645413142, 74.3732640133536, 70.64627661809219, 54.384541921395275, 53.6765460885851, 49.69797178960123, 69.19233772608062, 52.2974607414165, 60.92388694100205, 53.55563835862663, 49.11018224360403, 60.44851032076803, 61.89308200437266, 55.576628181277776, 58.94378678028754, 70.3785308172883, 51.25817398230258, 58.17154287106367, 65.77719969715949, 64.0081244843184, 52.40009541976045, 60.84832290211457, 57.186743219036344, 67.19102320994969, 55.5815221094205, 56.23198022477957, 69.51033304480708, 57.88988167201588, 71.73966545782048, 46.97418865717639, 58.81148187216506, 53.885437735996916, 55.66582075205572, 59.98887896935564, 69.73327469723473, 55.33937477059169, 61.05382870877142, 53.892207228874945, 69.2007051987189, 65.49854654875938, 58.75229697637363, 69.33038583478387, 54.56417872560714, 60.935602073008184, 51.76313746287022, 63.21907623494668, 69.18393166046579, 67.06951617538327, 63.00275866975985, 56.45750614400178, 56.207860660231475, 60.53138359561922, 63.70910452988646, 49.01320638358604, 63.162254551274536, 58.432049424951714, 54.63720710285254, 70.46729737970655, 54.377293055097915, 68.55329022009083, 64.8066169461113, 48.45765574189491, 64.45857274249873, 59.99386968682718, 60.75467060234958, 65.00363374458385, 65.79889360771956, 61.77657808587328, 68.53261997034697, 53.895825441308524, 46.27224221928304, 60.95974081309729, 73.339473682322, 46.379137551274056, 57.313649334168204, 63.85296860757533, 64.39822668365956, 65.82839508904954, 56.09473772110892, 69.42305092690755, 58.11975223622344, 61.8922159887655, 63.02093620377279, 65.2762161893595, 62.786307424469555, 59.525621374329226, 49.985922018104255, 57.48596002503568, 54.39711757069487, 64.08706889849152, 66.82511204629589, 57.36181308152665, 53.63768824250352, 70.79611288764374, 58.80477531629552, 64.62104920225298, 69.51171412071494, 66.97377397160773, 63.228945902964426, 53.358669398702204], "mean": [5477.16, 5557.76, 5567.94, 5562.04, 5563.22, 5555.54, 5549.02, 5539.34, 5525.6, 5529.56, 5530.9, 5513.76, 5524.08, 5504.28, 5526.7, 5521.32, 5512.14, 5528.46, 5513.6, 5512.2, 5510.1, 5506.04, 5507.42, 5507.08, 5506.12, 5500.62, 5517.44, 5510.04, 5502.98, 5491.84, 5505.36, 5501.14, 5489.58, 5481.88, 5492.52, 5487.44, 5494.1, 5485.1, 5471.32, 5483.98, 5489.74, 5488.24, 5489.48, 5483.82, 5487.76, 5472.78, 5478.06, 5485.6, 5468.18, 5488.7, 5474.42, 5477.46, 5472.9, 5467.84, 5479.36, 5471.66, 5478.34, 5473.4, 5486.9, 5484.92, 5476.68, 5469.66, 5474.18, 5473.66, 5478.3, 5487.26, 5471.16, 5479.88, 5481.8, 5482.8, 5479.14, 5473.7, 5461.96, 5468.66, 5471.84, 5476.72, 5475.22, 5482.68, 5464.98, 5480.6, 5464.12, 5450.44, 5467.96, 5481.66, 5477.86, 5489.98, 5473.74, 5473.62, 5469.56, 5448.74, 5461.38, 5475.32, 5475.72, 5485.52, 5468.72, 5477.2, 5470.04, 5460.56, 5479.02, 5483.82]}, "RMSprop": {"std": [105.34818460704484, 91.46999508035407, 71.11258679024411, 67.55835699600753, 54.41444293567656, 58.818990130739245, 56.10899749594533, 57.426269250230774, 56.68968160079927, 55.130176854423375, 53.3560905614345, 51.89885933235913, 56.54246192022416, 54.827744801332095, 51.163408799648984, 51.364906307711685, 54.05050971082513, 56.23665708414752, 57.61852479888737, 54.29699439195506, 54.351139822454506, 54.07448566560758, 49.05771702800692, 51.72658890744682, 51.566655893125365, 49.685748459694146, 49.18572557155175, 48.435858617350846, 48.88450061113439, 47.75401972609216, 47.28056260240566, 46.68194083368856, 47.520610265441675, 46.08262579324229, 45.881155172902965, 44.59167635332857, 42.27738875569307, 43.37259964539824, 44.07459131971616, 44.34600771208159, 42.308509782312115, 43.082715791834666, 42.001314265151265, 42.056157694206924, 41.38937061613766, 41.14579443880019, 40.17061612671632, 39.01306960494136, 38.382204209763664, 39.13086250007785, 39.265093913041895, 38.8460602893009, 40.42531879899032, 40.139078215624224, 38.89555758695329, 37.76733509264322, 38.24376550498132, 37.149584116110915, 36.42133440718503, 35.87349439349337, 35.17098804412523, 34.343121582057734, 35.128797303636794, 33.619928613844486, 33.02932636309739, 35.18522985572214, 35.47923899973053, 35.03473133905838, 35.18084137709046, 35.579859471335745, 35.053245213531945, 34.294279406338326, 35.426662275749315, 35.25677239907249, 36.051524239621266, 36.270097876901296, 36.09399396021449, 35.647300038011295, 34.87950114322163, 34.82941859979864, 33.8725198354064, 33.6673432275254, 33.897114921479684, 33.101667631707016, 32.46431271411733, 32.55236396945696, 32.29147875214141, 33.103474137920934, 33.562097669841805, 34.03281357748724, 33.002569596926854, 32.46860021620889, 33.735820725158, 33.065081279198445, 32.41404633796897, 32.31857051294193, 32.10996729988992, 31.955400169611398, 30.039234344436945, 29.462796880133425],